question_id,question_ar,answer_ar,category,authority,content_type,source_name,source_url,last_updated
MCH-FAQ-001,ما الحد الأدنى للسن المسموح به لأداء الحج؟,15 عامًا للمواطنين والمقيمين، محسوبة بالتاريخ الميلادي المسجل في الهوية الوطنية للمواطنين.,شروط عامة,وزارة الحج والعمرة (جهة حكومية رسمية),سؤال شائع تشغيلي (FAQ),haj.gov.sa - الأسئلة الشائعة,https://haj.gov.sa/en/FAQ,2026-09-08
MCH-FAQ-002,هل يجوز للمرأة أداء الحج بدون محرم؟,نعم، المحرم ليس إلزاميًا لجميع باقات الحج؛ يمكن للمرأة التسجيل ضمن مجموعة نسائية.,شروط عامة,وزارة الحج والعمرة (جهة حكومية رسمية),سؤال شائع تشغيلي (FAQ),haj.gov.sa - الأسئلة الشائعة,https://haj.gov.sa/en/FAQ,2026-09-08
MCH-FAQ-003,هل يمكنني أداء الحج بتأشيرة زيارة أو عمل؟,لا، أداء الحج يتطلب هوية وطنية سارية أو تصريح إقامة ساري المفعول.,تصاريح وتأشيرات,وزارة الحج والعمرة (جهة حكومية رسمية),سؤال شائع تشغيلي (FAQ),haj.gov.sa - الأسئلة الشائعة,https://haj.gov.sa/en/FAQ,2026-09-08
MCH-FAQ-004,ما التطعيمات الإلزامية للحجاج؟,تطعيم الالتهاب السحائي إلزامي، ويُنصح أيضًا بتطعيمي الإنفلونزا الموسمية وكوفيد-19.,الصحة,وزارة الحج والعمرة (جهة حكومية رسمية),سؤال شائع تشغيلي (FAQ),haj.gov.sa - الأسئلة الشائعة,https://haj.gov.sa/en/FAQ,2026-09-08
MCH-FAQ-005,هل يُسمح باصطحاب الأطفال مع الحجاج عبر مؤسسات الطوافة؟,لا يُسمح باصطحاب الأطفال مع الحجاج عبر المؤسسات.,شروط عامة,وزارة الحج والعمرة (جهة حكومية رسمية),سؤال شائع تشغيلي (FAQ),haj.gov.sa - الأسئلة الشائعة,https://haj.gov.sa/en/FAQ,2026-09-08
MCH-FAQ-006,ما آلية الدفع والمواعيد النهائية لهذا الموسم؟,مدة سداد فاتورة الحجز 72 ساعة؛ في حال عدم السداد خلال هذه المدة يُلغى الحجز تلقائيًا.,الحجز والدفع,وزارة الحج والعمرة (جهة حكومية رسمية),سؤال شائع تشغيلي (FAQ),haj.gov.sa - الأسئلة الشائعة,https://haj.gov.sa/en/FAQ,2026-09-08
MCH-FAQ-007,هل يمكن تغيير مؤسسة الحج بعد الحجز؟,لا يُسمح بتغيير المؤسسة بعد الحجز، لكن يمكن إلغاء الحجز وإعادة الحجز مع مؤسسة أخرى إن توفرت أماكن.,الحجز والدفع,وزارة الحج والعمرة (جهة حكومية رسمية),سؤال شائع تشغيلي (FAQ),haj.gov.sa - الأسئلة الشائعة,https://haj.gov.sa/en/FAQ,2026-09-08
MCH-FAQ-008,أين تقع نقاط التجمع (الفرز) وما طبيعتها؟,تقع نقاط التجمع الرئيسية عند مداخل ساحات الحرم، وهي نقاط التفتيش المعتادة، ولا تتوفر بها مواقف سيارات.,نقاط التجمع والنقل,وزارة الحج والعمرة (جهة حكومية رسمية),سؤال شائع تشغيلي (FAQ),haj.gov.sa - الأسئلة الشائعة,https://haj.gov.sa/en/FAQ,2026-09-08
MCH-FAQ-009,هل شراء تذاكر النقل إلزامي؟,تذاكر النقل اختيارية وليست إلزامية لجميع الفئات.,نقاط التجمع والنقل,وزارة الحج والعمرة (جهة حكومية رسمية),سؤال شائع تشغيلي (FAQ),haj.gov.sa - الأسئلة الشائعة,https://haj.gov.sa/en/FAQ,2026-09-08
MCH-FAQ-010,لماذا يظهر التصريح غير مُفعّل في تطبيق نسك؟,يتم تفعيل التصريح فور إتمام الحجز عبر تطبيق نسك.,تطبيق نسك,وزارة الحج والعمرة (جهة حكومية رسمية),سؤال شائع تشغيلي (FAQ),haj.gov.sa - الأسئلة الشائعة,https://haj.gov.sa/en/FAQ,2026-09-08
MCH-FAQ-011,ما البيانات المطلوبة للتسجيل في نسك كزائر؟,رقم جواز السفر - رقم التأشيرة - تاريخ الميلاد - الجنسية - رقم الجوال - البريد الإلكتروني.,تطبيق نسك,وزارة الحج والعمرة (جهة حكومية رسمية),سؤال شائع تشغيلي (FAQ),haj.gov.sa - الأسئلة الشائعة,https://haj.gov.sa/en/FAQ,2026-09-08
MCH-FAQ-012,تظهر رسالة (تجاوزت الحد الأقصى للتصاريح النشطة)، ما معناها؟,تظهر هذه الرسالة إذا كان هناك تصريح نشط لم يُلغَ بعد؛ ولا يمكن إصدار تصريح جديد حتى ينتهي التصريح الحالي أو يُلغى.,تطبيق نسك,وزارة الحج والعمرة (جهة حكومية رسمية),سؤال شائع تشغيلي (FAQ),haj.gov.sa - الأسئلة الشائعة,https://haj.gov.sa/en/FAQ,2026-09-08
MCH-FAQ-013,ما الفئات العمرية المسموح لها بدخول الحرم وأداء النسك (العمرة)؟,يُسمح بأداء العمرة لمن هم في سن الخامسة فما فوق، شريطة عدم ثبوت إصابتهم بفيروس كورونا (بحسب نص الصفحة الرسمية وقت الاطلاع؛ يُنصح بالتحقق من آخر تحديث للشرط الصحي).,الطواف والعبادة,وزارة الحج والعمرة (جهة حكومية رسمية),سؤال شائع تشغيلي (FAQ),haj.gov.sa - الأسئلة الشائعة,https://haj.gov.sa/en/FAQ,2026-09-08
MCH-FAQ-014,ما مدة إقامة القادمين بتأشيرة عمرة؟,مدة إقامة القادمين بتأشيرة العمرة 90 يومًا.,تصاريح وتأشيرات,وزارة الحج والعمرة (جهة حكومية رسمية),سؤال شائع تشغيلي (FAQ),haj.gov.sa - الأسئلة الشائعة,https://haj.gov.sa/en/FAQ,2026-09-08
MCH-FTW-001,ما هي أركان الحج وواجباته وشروطه؟ وما محظورات الإحرام؟,ملخص من الفتوى الأصلية (يُنصح بالرجوع للرابط للنص الكامل الدقيق): أركان الحج: الإحرام، والوقوف بعرفة، وطواف الإفاضة، والسعي بين الصفا والمروة (ويضيف المذهب الشافعي الحلق أو التقصير كركن). واجبات الحج: الإحرام من الميقات المحدد، المبيت بمزدلفة، رمي الجمار، المبيت بمنى أيام التشريق، الوقوف بعرفة جزءًا من الليل، الحلق أو التقصير، وطواف الوداع. شروط الحج: الإسلام، والبلوغ، والعقل، والحرية، والاستطاعة، والمحرم للمرأة. محظورات الإحرام المشتركة: استعمال الطيب، وإزالة الشعر، والجماع، والزواج، والصيد؛ مع محظورات خاصة بالرجال وأخرى خاصة بالنساء.,مناسك الحج - الأركان والواجبات والمحظورات,إسلام ويب - مركز الفتوى (مرجعية سنية عامة، غير سعودية حكومية),فتوى شرعية محكّمة (رقم 14398، بتاريخ 3 محرم 1423هـ / 16 مارس 2002م),islamweb.net - مركز الفتوى,https://islamweb.net/ar/fatwa/14398/%D8%A3%D8%B1%D9%83%D8%A7%D9%86-%D9%88%D9%88%D8%A7%D8%AC%D8%A8%D8%A7%D8%AA-%D9%88%D8%B4%D8%B1%D9%88%D8%B7-%D8%A7%D9%84%D8%AD%D8%AC,2002-03-16
MCH-FTW-002,هل صحيح أن أشهر الحج هي شوال وذو القعدة وذو الحجة؟ وهل يجوز أداء الحج في هذه الأشهر تحديدًا؟,ملخص من الفتوى الأصلية: اتفق العلماء على أن بداية أشهر الحج هي غرة شوال، مع خلاف في نهايتها: الشافعية يرون أنها شوال وذو القعدة وعشر ليالٍ من ذي الحجة (تنتهي بفجر يوم النحر)، ومالك يرى أنها تشمل ذا الحجة كاملاً، بينما أبو حنيفة وأحمد يريان أنها شوال وذو القعدة وعشرة أيام من ذي الحجة. لا يجوز الشروع في أي من أركان الحج (وخاصة الوقوف بعرفة) بعد فجر يوم العيد.,مناسك الحج - مواقيت زمانية,إسلام ويب - مركز الفتوى (مرجعية سنية عامة، غير سعودية حكومية),فتوى شرعية محكّمة (رقم 21153، بتاريخ 10 جمادى الآخرة 1423هـ / 18 أغسطس 2002م),islamweb.net - مركز الفتوى,https://www.islamweb.net/ar/fatwa/21153/,2002-08-18
MCH-FTW-003,لماذا يجب على من يريد العمرة بعد الحج (وهو في مكة) الخروج إلى التنعيم بدلاً من الإحرام من مكة نفسها، مع أن الحج يصح الإحرام له من مكة؟,ملخص من الفتوى الأصلية: من كان من أهل مكة (أو مقيمًا بها) وأراد الإحرام بالحج فله ذلك من مكة نفسها، استنادًا لحديث النبي صلى الله عليه وسلم: 'ومن كان دون ذلك فمهله من حيث أنشأ'. أما العمرة فيجب الخروج لها إلى أقرب حِلّ (كالتنعيم) لأن معنى العمرة لغة هو 'الزيارة' التي تستلزم القدوم من خارج المكان، فيجب أن يجمع النسك بين الحل والحرم؛ وهذا استنادًا لأمر النبي صلى الله عليه وسلم أخا عائشة رضي الله عنها أن يخرج بها إلى التنعيم لتعتمر منه.,مناسك العمرة - الميقات لأهل مكة والمقيمين بها,إسلام ويب - مركز الفتوى (مرجعية سنية عامة، غير سعودية حكومية),فتوى شرعية محكّمة (رقم 130986، بتاريخ 22 محرم 1431هـ / 7 يناير 2010م),islamweb.net - مركز الفتوى,https://www.islamweb.net/ar/fatwa/130986/%D8%A7%D9%84%D8%AD%D8%B1%D9%85-%D9%85%D9%8A%D9%82%D8%A7%D8%AA-%D9%84%D9%84%D9%85%D9%82%D9%8A%D9%85-%D8%A8%D9%85%D9%83%D8%A9-%D9%84%D9%84%D8%AD%D8%AC-%D9%84%D8%A7-%D9%84%D9%84%D8%B9%D9%85%D8%B1%D8%A9,2010-01-07
MCH-FAQ-015,هل يمكن للحاج أداء الحج كل عام؟,تُعطى الأولوية لمن لم يسبق له أداء الحج، باستثناء حالة المحرم؛ وتُطبَّق هذه الأولوية فقط حتى نهاية شهر شوال.,الأهلية والتسجيل,وزارة الحج والعمرة (جهة حكومية رسمية),سؤال شائع تشغيلي (FAQ),haj.gov.sa - الأسئلة الشائعة,https://haj.gov.sa/en/FAQ,2026-09-08
MCH-FAQ-016,كيف يقدّم المتقدمون طلب استثناء المحرم؟,باختيار 'إضافة طلب استثناء' من قائمة الإجراءات، وتعبئة نموذج الطلب، ثم الضغط على إرسال.,الأهلية والتسجيل,وزارة الحج والعمرة (جهة حكومية رسمية),سؤال شائع تشغيلي (FAQ),haj.gov.sa - الأسئلة الشائعة,https://haj.gov.sa/en/FAQ,2026-09-08
MCH-FAQ-017,هل هناك مدة زمنية محددة للموافقة على استثناء المحرم؟,لا توجد مدة محددة لذلك.,الأهلية والتسجيل,وزارة الحج والعمرة (جهة حكومية رسمية),سؤال شائع تشغيلي (FAQ),haj.gov.sa - الأسئلة الشائعة,https://haj.gov.sa/en/FAQ,2026-09-08
MCH-FAQ-018,ما الوثائق المطلوبة للتسجيل في الحج؟,يجب أن تكون الهوية الوطنية أو تصريح الإقامة ساريَي المفعول حتى نهاية ذي الحجة (بحسب الموسم المعني).,الأهلية والتسجيل,وزارة الحج والعمرة (جهة حكومية رسمية),سؤال شائع تشغيلي (FAQ),haj.gov.sa - الأسئلة الشائعة,https://haj.gov.sa/en/FAQ,2026-09-08
MCH-FAQ-019,كم عدد المرافقين المسموح بتسجيلهم معًا؟,العدد المسموح به من المرافقين هو 13 شخصًا.,الأهلية والتسجيل,وزارة الحج والعمرة (جهة حكومية رسمية),سؤال شائع تشغيلي (FAQ),haj.gov.sa - الأسئلة الشائعة,https://haj.gov.sa/en/FAQ,2026-09-08
MCH-FAQ-020,هل يمكن استخدام نفس رقم الجوال لأكثر من حجز؟,لا يمكن استخدام رقم الجوال المستخدم في حجز ما لحجز آخر.,الحجز والدفع,وزارة الحج والعمرة (جهة حكومية رسمية),سؤال شائع تشغيلي (FAQ),haj.gov.sa - الأسئلة الشائعة,https://haj.gov.sa/en/FAQ,2026-09-08
MCH-FAQ-021,ما الحالات الصحية التي تمنع التقدم لأداء الحج؟,يُشترط ألا يعاني المتقدم من أمراض مزمنة شديدة أو أمراض معدية.,الصحة,وزارة الحج والعمرة (جهة حكومية رسمية),سؤال شائع تشغيلي (FAQ),haj.gov.sa - الأسئلة الشائعة,https://haj.gov.sa/en/FAQ,2026-09-08
MCH-FAQ-022,هل يجوز أداء الحج نيابة عن شخص آخر؟,يُسمح بذلك فقط في حالة استثناء المحرم للمرأة، على أن يكون الشخص زوجًا أو أخًا أو ابنًا أو أبًا.,الأهلية والتسجيل,وزارة الحج والعمرة (جهة حكومية رسمية),سؤال شائع تشغيلي (FAQ),haj.gov.sa - الأسئلة الشائعة,https://haj.gov.sa/en/FAQ,2026-09-08
MCH-FAQ-023,كيف يسجّل مواطنو دول مجلس التعاون الخليجي في الحج الداخلي؟,لا يمكن لمواطني دول مجلس التعاون الخليجي التسجيل عبر هذه المنصة.,الأهلية والتسجيل,وزارة الحج والعمرة (جهة حكومية رسمية),سؤال شائع تشغيلي (FAQ),haj.gov.sa - الأسئلة الشائعة,https://haj.gov.sa/en/FAQ,2026-09-08
MCH-FAQ-024,أين يتم التحقق من أهلية أداء الحج؟,يمكن التحقق من أهلية الحج عبر مركز المعلومات الوطني.,الأهلية والتسجيل,وزارة الحج والعمرة (جهة حكومية رسمية),سؤال شائع تشغيلي (FAQ),haj.gov.sa - الأسئلة الشائعة,https://haj.gov.sa/en/FAQ,2026-09-08
MCH-FAQ-025,ما آلية مواعيد سداد الحجز هذا الموسم؟,مهلة السداد 72 ساعة مبدئيًا، وتُختصر إلى 6 ساعات فقط اعتبارًا من تاريخ 28/11/1447هـ.,الحجز والدفع,وزارة الحج والعمرة (جهة حكومية رسمية),سؤال شائع تشغيلي (FAQ),haj.gov.sa - الأسئلة الشائعة,https://haj.gov.sa/en/FAQ,2026-09-08
MCH-FAQ-026,هل يتوفر السداد الجزئي هذا الموسم؟,السداد الجزئي غير متاح هذا الموسم.,الحجز والدفع,وزارة الحج والعمرة (جهة حكومية رسمية),سؤال شائع تشغيلي (FAQ),haj.gov.sa - الأسئلة الشائعة,https://haj.gov.sa/en/FAQ,2026-09-08
MCH-FAQ-027,ما طريقة سداد رسوم الحجز؟,تُسدَّد رسوم الحجز إلكترونيًا فقط عبر نظام سداد (SADAD).,الحجز والدفع,وزارة الحج والعمرة (جهة حكومية رسمية),سؤال شائع تشغيلي (FAQ),haj.gov.sa - الأسئلة الشائعة,https://haj.gov.sa/en/FAQ,2026-09-08
MCH-FAQ-028,ماذا يحدث إذا لم يتم السداد قبل الموعد النهائي؟,يُلغى الحجز تلقائيًا في حال تجاوز مهلة السداد المحددة.,الحجز والدفع,وزارة الحج والعمرة (جهة حكومية رسمية),سؤال شائع تشغيلي (FAQ),haj.gov.sa - الأسئلة الشائعة,https://haj.gov.sa/en/FAQ,2026-09-08
MCH-FAQ-029,هل يمكن تغيير مؤسسة الحج بعد تأكيد الحجز؟,لا يُسمح بتغيير المؤسسة بعد تأكيد الحجز.,الحجز والدفع,وزارة الحج والعمرة (جهة حكومية رسمية),سؤال شائع تشغيلي (FAQ),haj.gov.sa - الأسئلة الشائعة,https://haj.gov.sa/en/FAQ,2026-09-08
MCH-FAQ-030,هل يُسمح للقُصَّر بمرافقة الحجاج ضمن الباقات؟,لا يُسمح باصطحاب الأطفال مع الحجاج.,الأهلية والتسجيل,وزارة الحج والعمرة (جهة حكومية رسمية),سؤال شائع تشغيلي (FAQ),haj.gov.sa - الأسئلة الشائعة,https://haj.gov.sa/en/FAQ,2026-09-08
MCH-FAQ-031,متى يمكن للحاج شراء الأضحية/الهدي؟,يكون الشراء فقط بعد إتمام شراء عقد باقة الحج.,الهدي والأضاحي,وزارة الحج والعمرة (جهة حكومية رسمية),سؤال شائع تشغيلي (FAQ),haj.gov.sa - الأسئلة الشائعة,https://haj.gov.sa/en/FAQ,2026-09-08
MCH-FAQ-032,كيف يتم الحصول على الأضاحي؟,يمكن شراء الأضاحي عبر تطبيق نسك (NUSUK).,الهدي والأضاحي,وزارة الحج والعمرة (جهة حكومية رسمية),سؤال شائع تشغيلي (FAQ),haj.gov.sa - الأسئلة الشائعة,https://haj.gov.sa/en/FAQ,2026-09-08
MCH-FAQ-033,هل يمكن إضافة تذاكر طيران بعد الحجز الأولي؟,يمكن طلب تذكرة الطيران بشكل منفصل كخدمة إضافية عبر سوق نسك (NUSUK Marketplace).,نقاط التجمع والنقل,وزارة الحج والعمرة (جهة حكومية رسمية),سؤال شائع تشغيلي (FAQ),haj.gov.sa - الأسئلة الشائعة,https://haj.gov.sa/en/FAQ,2026-09-08
MCH-FAQ-034,ما المبلغ المسترد في حال رفض إصدار التصريح؟,يُخصم مبلغ 67.85 ريالًا سعوديًا كرسوم خدمة إلكترونية عن كل حاج.,الحجز والدفع,وزارة الحج والعمرة (جهة حكومية رسمية),سؤال شائع تشغيلي (FAQ),haj.gov.sa - الأسئلة الشائعة,https://haj.gov.sa/en/FAQ,2026-09-08
