service_id,service_name_ar,service_name_en,location,service_type,description,contact,working_hours,reliability,source_name,source_url,last_updated
MCH-LOST-001,نقطة إرشاد التائهين 1 - توسعة الملك فهد,Lost-pilgrim guidance point 1 - King Fahd Expansion,توسعة الملك فهد، عند الباب رقم 79,نقطة تمركز ميدانية لمرشدين متعددي اللغات,إحدى 3 نقاط تمركز ثابتة لخدمة 'إرشاد التائهين' التابعة للهيئة العامة للعناية بشؤون الحرمين؛ يقوم مرشدون بلغات متعددة بتوجيه الحاج التائه لوجهته (الأبواب، صحن الطواف، منطقة السعي) والتسجيل عبر تطبيق 'إرشاد التائه'.,عبر تطبيق إرشاد التائه / التوجه مباشرة للنقطة,24 ساعة,High (مصدر رسمي: وكالة الأنباء السعودية),SPA - وكالة الأنباء السعودية,https://www.spa.gov.sa/N2123928,2024-06-16
MCH-LOST-002,نقطة إرشاد التائهين 2 - أجياد,Lost-pilgrim guidance point 2 - Ajyad,منطقة أجياد، خلف دورة المياه رقم 3,نقطة تمركز ميدانية لمرشدين متعددي اللغات,ثاني نقاط التمركز الثابتة الثلاث لخدمة إرشاد التائهين.,عبر تطبيق إرشاد التائه / التوجه مباشرة للنقطة,24 ساعة,High (مصدر رسمي),SPA - وكالة الأنباء السعودية,https://www.spa.gov.sa/N2123928,2024-06-16
MCH-LOST-003,نقطة إرشاد التائهين 3 - القشاشية,Lost-pilgrim guidance point 3 - Al-Qashashiyah,منطقة القشاشية,نقطة تمركز ميدانية لمرشدين متعددي اللغات,ثالث نقاط التمركز الثابتة الثلاث لخدمة إرشاد التائهين.,عبر تطبيق إرشاد التائه / التوجه مباشرة للنقطة,24 ساعة,High (مصدر رسمي),SPA - وكالة الأنباء السعودية,https://www.spa.gov.sa/N2123928,2024-06-16
MCH-LOST-004,تطبيق إرشاد التائه (جوال),Guide-the-Lost mobile app,تطبيق جوال (لا يتطلب موقعًا محددًا),تطبيق تسجيل بلاغ/طلب إرشاد,التطبيق الرسمي الذي يسجّل من خلاله الحاج التائه بياناته ليتم توجيهه من قبل المرشدين في أقرب نقطة تمركز.,متجرا التطبيقات (Apple/Google) - يُنصح بالتحقق من اسم الناشر الرسمي قبل الاستخدام,24 ساعة,Medium (التطبيق مذكور في المصدر الرسمي، لكن لم يُتحقق من صفحة المتجر ذاتها مباشرة),SPA - وكالة الأنباء السعودية,https://www.spa.gov.sa/N2123928,2024-06-16
MCH-LOST-005,المركزان الرئيسيان لخدمة ضيوف الرحمن (مكة),2 main pilgrim guest-care centers (Makkah),مكة المكرمة (مواقع فردية غير محددة في المصدر),مركز خدمة شامل يضم إدارة حالات المفقودين,ضمن مهامه: إدارة حالات المفقودات بإجراءات منظمة، ورعاية حالات الأطفال والنساء التائهات بحماية آمنة، إضافة لخدمات ذوي الإعاقة وكبار السن وحفظ الأمتعة.,غير محدد في المصدر,24 ساعة,High (مصدر ينسب المعلومة صراحة للهيئة العامة للعناية بشؤون الحرمين، تغطية مايو 2026),Hala News,https://www.hala.jo/2026/05/22/%D9%85%D9%83%D8%A9-%D8%A7%D9%84%D9%85%D9%83%D8%B1%D9%85%D8%A9-%D9%85%D8%B1%D9%83%D8%B2%D8%A7%D9%86-%D8%B1%D8%A6%D9%8A%D8%B3%D8%A7%D9%86-%D9%8819-%D9%85%D8%B1%D9%83%D8%B2%D8%A7-%D9%81%D8%B1%D8%B9/,2026-05-22
MCH-LOST-006,المراكز الفرعية لخدمة ضيوف الرحمن (19 مركزًا، مكة),19 sub pilgrim guest-care centers (Makkah),مكة المكرمة (مواقع فردية غير محددة، تُحدَّد عبر QR Code حسب المصدر),مركز خدمة فرعي يضم إدارة حالات المفقودين,نفس مهام المركزين الرئيسيين موزعة على 19 موقعًا فرعيًا.,غير محدد في المصدر,24 ساعة,High (نفس المصدر أعلاه),Hala News,https://www.hala.jo/2026/05/22/%D9%85%D9%83%D8%A9-%D8%A7%D9%84%D9%85%D9%83%D8%B1%D9%85%D8%A9-%D9%85%D8%B1%D9%83%D8%B2%D8%A7%D9%86-%D8%B1%D8%A6%D9%8A%D8%B3%D8%A7%D9%86-%D9%8819-%D9%85%D8%B1%D9%83%D8%B2%D8%A7-%D9%81%D8%B1%D8%B9/,2026-05-22
MCH-LOST-007,مراكز الإسعافات الأولية (الهلال الأحمر، 4 مراكز),"First-aid centers (Red Crescent, 4 centers)",داخل المسجد الحرام (مواقع فردية غير معلنة),طوارئ طبية (قد تتعامل مع حالات إجهاد/فقدان مصحوب بحالة صحية),4 مراكز إسعافية تابعة للهلال الأحمر السعودي، بها 46 كادرًا صحيًا وعربات نقل، تعمل على مدار الساعة.,997 (الرقم الموحد للهلال الأحمر السعودي - رقم عام معروف، لم يُذكر داخل هذا المصدر تحديدًا),24 ساعة,Medium (مصدر صحفي 2020، يحتاج تحديث),الوطن نيوز (مصر),https://www.elwatannews.com/news/details/5023811,2020-11-04
MCH-LOST-008,منصة بلاغ رقمي (شكاوى وملاحظات الحجاج),"""Balagh Raqami"" digital reporting platform",منصة إلكترونية (على مستوى المملكة، غير مقصورة على مكة),استقبال شكاوى/ملاحظات,أطلقتها وزارة الحج والعمرة عام 2026 لاستقبال ملاحظات وشكاوى الحجاج على مدار الساعة؛ لم يتأكد من التغطية الإعلامية ما إذا كانت مخصصة تحديدًا لبلاغات الأشخاص المفقودين أم للشكاوى الخدمية عمومًا، ولم يُعثر على الرابط الرسمي المباشر للمنصة (فقط تغطية إخبارية).,غير محدد بدقة في التغطية الإخبارية,24 ساعة,Medium (لم يُفتح الموقع الرسمي مباشرة، فقط تغطية إخبارية),الموطن نيوز,https://www.almowaten.net/2026/05/%D8%A8%D9%84%D8%A7%D8%BA-%D8%B1%D9%82%D9%85%D9%8A-%D9%86%D8%A7%D9%81%D8%B0%D8%A9-%D8%A5%D9%84%D9%83%D8%AA%D8%B1%D9%88%D9%86%D9%8A%D8%A9-%D8%AC%D8%AF%D9%8A%D8%AF%D8%A9-%D9%84%D8%A7%D8%B3%D8%AA%D9%82/,2026-09-08
MCH-LOST-009,حساب 'مفقودات مكة' (X/Twitter) - غير مؤكد رسميًا,"""Makkah Lost & Found"" account (X/Twitter) - unofficial, unverified",منصة تواصل اجتماعي,بلاغات مجتمعية عن مفقودات (أغراض غالبًا، وليس بالضرورة أشخاصًا),ظهر في نتائج البحث كحساب يتداول بلاغات مفقودات بمكة؛ لم يُتحقق من الجهة المُشغّلة له ولا من صفته الرسمية. غير موصى باعتماده كمصدر بيانات موثوق دون تحقق إضافي.,غير معروف,غير معروف,Low (غير موثق رسميًا، يحتاج تحققًا من الجهة المُشغِّلة),X (Twitter),https://x.com/makkahlost?lang=ar,2026-09-08
MCH-EMG-001,مركز العمليات الأمنية الموحد (112),Unified Security Operations Center (112),على مستوى المملكة (يشمل مكة المكرمة),رقم طوارئ هاتفي وطني,طوارئ عامة موحدة. رقم طوارئ وطني موحد يمكن للحاج/المعتمر التائه أو المتضرر الاتصال به من داخل مكة المكرمة.,112,24 ساعة,Medium-High (مصدر: شركة اتصالات سعودية STC، وليس جهة أمنية رسمية مباشرة، لكن الأرقام متطابقة مع المعرفة العامة الشائعة),STC - أرقام الطوارئ,https://www.stc.com.sa/content/stc/sa/ar/personal/support/support-library/emergency-numbers.html,2026-09-08
MCH-EMG-002,الشرطة (999),Police (999),على مستوى المملكة (يشمل مكة المكرمة),رقم طوارئ هاتفي وطني,بلاغات أمنية وجرائم. رقم طوارئ وطني موحد يمكن للحاج/المعتمر التائه أو المتضرر الاتصال به من داخل مكة المكرمة.,999,24 ساعة,Medium-High (مصدر: شركة اتصالات سعودية STC، وليس جهة أمنية رسمية مباشرة، لكن الأرقام متطابقة مع المعرفة العامة الشائعة),STC - أرقام الطوارئ,https://www.stc.com.sa/content/stc/sa/ar/personal/support/support-library/emergency-numbers.html,2026-09-08
MCH-EMG-003,حوادث المرور (993),Traffic Accidents (993),على مستوى المملكة (يشمل مكة المكرمة),رقم طوارئ هاتفي وطني,حوادث السيارات. رقم طوارئ وطني موحد يمكن للحاج/المعتمر التائه أو المتضرر الاتصال به من داخل مكة المكرمة.,993,24 ساعة,Medium-High (مصدر: شركة اتصالات سعودية STC، وليس جهة أمنية رسمية مباشرة، لكن الأرقام متطابقة مع المعرفة العامة الشائعة),STC - أرقام الطوارئ,https://www.stc.com.sa/content/stc/sa/ar/personal/support/support-library/emergency-numbers.html,2026-09-08
MCH-EMG-004,الهلال الأحمر السعودي (الإسعاف) (997),Saudi Red Crescent (Ambulance) (997),على مستوى المملكة (يشمل مكة المكرمة),رقم طوارئ هاتفي وطني,طوارئ طبية وإسعاف. رقم طوارئ وطني موحد يمكن للحاج/المعتمر التائه أو المتضرر الاتصال به من داخل مكة المكرمة.,997,24 ساعة,Medium-High (مصدر: شركة اتصالات سعودية STC، وليس جهة أمنية رسمية مباشرة، لكن الأرقام متطابقة مع المعرفة العامة الشائعة),STC - أرقام الطوارئ,https://www.stc.com.sa/content/stc/sa/ar/personal/support/support-library/emergency-numbers.html,2026-09-08
MCH-EMG-005,الدفاع المدني (998),Civil Defense (998),على مستوى المملكة (يشمل مكة المكرمة),رقم طوارئ هاتفي وطني,حرائق وإخلاء وكوارث. رقم طوارئ وطني موحد يمكن للحاج/المعتمر التائه أو المتضرر الاتصال به من داخل مكة المكرمة.,998,24 ساعة,Medium-High (مصدر: شركة اتصالات سعودية STC، وليس جهة أمنية رسمية مباشرة، لكن الأرقام متطابقة مع المعرفة العامة الشائعة),STC - أرقام الطوارئ,https://www.stc.com.sa/content/stc/sa/ar/personal/support/support-library/emergency-numbers.html,2026-09-08
MCH-EMG-006,مراكز العمليات الأمنية الموحدة (911),Unified Security Operations Centers (911),على مستوى المملكة (يشمل مكة المكرمة),رقم طوارئ هاتفي وطني,طوارئ أمنية (لم يُحدد المصدر نطاقها الجغرافي بدقة). رقم طوارئ وطني موحد يمكن للحاج/المعتمر التائه أو المتضرر الاتصال به من داخل مكة المكرمة.,911,24 ساعة,Medium-High (مصدر: شركة اتصالات سعودية STC، وليس جهة أمنية رسمية مباشرة، لكن الأرقام متطابقة مع المعرفة العامة الشائعة),STC - أرقام الطوارئ,https://www.stc.com.sa/content/stc/sa/ar/personal/support/support-library/emergency-numbers.html,2026-09-08
MCH-EMG-007,أمن الطرق (996),Road Safety (996),على مستوى المملكة (يشمل مكة المكرمة),رقم طوارئ هاتفي وطني,سلامة الطرق. رقم طوارئ وطني موحد يمكن للحاج/المعتمر التائه أو المتضرر الاتصال به من داخل مكة المكرمة.,996,24 ساعة,Medium-High (مصدر: شركة اتصالات سعودية STC، وليس جهة أمنية رسمية مباشرة، لكن الأرقام متطابقة مع المعرفة العامة الشائعة),STC - أرقام الطوارئ,https://www.stc.com.sa/content/stc/sa/ar/personal/support/support-library/emergency-numbers.html,2026-09-08
