location_id,name_ar,name_en,category,latitude,longitude,floor,description,opening_hours,accessibility,reliability,source_name,source_url,last_updated
MCH-CORE-001,الكعبة المشرفة / المطاف,Kaaba / Mataf,نسك أساسي - مطاف,21.42250,39.82611,الصحن (الطابق الأرضي) + طوابق علوية للطواف وقت الازدحام,"مركز المسجد الحرام، حولها يؤدى الطواف. السعة الحالية للمسجد كاملاً تُقدَّر بنحو 3 ملايين مصلٍّ، ومساحة الموقع نحو 356,000 م2.",24 ساعة,ممران مخصصان قريبان من الكعبة لذوي الإعاقة وكبار السن (انظر MCH-ACC-001 وMCH-ACC-002),High,Wikipedia - Masjid al-Haram (infobox),https://en.wikipedia.org/wiki/Masjid_al-Haram,2026-09-08
MCH-CORE-002,الحجر الأسود,Black Stone (Al-Hajar Al-Aswad),نسك أساسي - الحجر الأسود,,,الصحن,ركن من أركان الكعبة يستلمه الطائفون إن أمكن؛ لا تتوفر إحداثيات منفصلة موثقة عن إحداثي الكعبة نفسه.,24 ساعة,غير متاح مباشرة لذوي الإعاقة بسبب شدة الزحام حوله,Medium (لا يوجد إحداثي منفصل موثق),معرفة عامة موثقة، بلا إحداثي مستقل,https://en.wikipedia.org/wiki/Masjid_al-Haram,2026-09-08
MCH-CORE-003,مقام إبراهيم,Maqam Ibrahim,نسك أساسي - مقام إبراهيم,,,الصحن، بجوار الكعبة مباشرة,موقع قريب جدًا من الكعبة؛ لم يُعثر على إحداثي مستقل موثق رسميًا.,24 ساعة,ضمن منطقة المطاف شديدة الازدحام,Medium (لا يوجد إحداثي منفصل موثق),معرفة عامة موثقة,https://en.wikipedia.org/wiki/Masjid_al-Haram,2026-09-08
MCH-CORE-004,جبل الصفا (بداية السعي),Safa (Sa'i start point),نسك أساسي - المسعى,,,داخل مبنى المسعى الملاصق للمسجد,نقطة بداية شعيرة السعي بين الصفا والمروة.,24 ساعة,ممرات مخصصة لذوي الإعاقة والعربات داخل المسعى (خدمة عربات كهربائية بلا مقابل),Medium (موقع معروف، إحداثي دقيق غير موثق من مصدر رسمي مفتوح),Alwatan / General accessibility coverage,https://www.alwatan.com.sa/article/1062982,2026-09-08
MCH-CORE-005,جبل المروة (نهاية السعي),Marwah (Sa'i end point),نسك أساسي - المسعى,,,داخل مبنى المسعى الملاصق للمسجد,نقطة نهاية شعيرة السعي بين الصفا والمروة.,24 ساعة,ممرات مخصصة لذوي الإعاقة والعربات داخل المسعى,Medium (موقع معروف، إحداثي دقيق غير موثق من مصدر رسمي مفتوح),Alwatan / General accessibility coverage,https://www.alwatan.com.sa/article/1062982,2026-09-08
MCH-CORE-006,نقاط توزيع مياه زمزم (عام),Zamzam water distribution (general),خدمة - مياه زمزم,,,منتشرة عبر أروقة المسجد (ثلاجات وحافظات),يُستهلك في المسجد الحرام نحو 1.7 مليون لتر من ماء زمزم يوميًا حسب تقرير صحفي محلي؛ ولا تتوفر قائمة إحداثيات رسمية مفتوحة لمواقع كل ثلاجة/حافظة فردية.,24 ساعة,متاحة للجميع، تحتاج تحقق ميداني لمواقع نقاط ذوي الإعاقة تحديدًا,Medium (رقم الاستهلاك موثق، المواقع الفردية غير موثقة),جريدة الرياض,https://www.alriyadh.com/9283,2026-09-08
MCH-GATE-001,باب الملك عبدالعزيز,King Abdulaziz Gate,بوابة رئيسية (من أصل 5 بوابات رئيسية ضمن 243 بابًا إجمالاً),,,مدخل الطابق الأرضي، بمئذنتين فوقه,البوابة رقم 1، تقع في الجهة الغربية. إحدى البوابات الخمس الرئيسية المعلنة رسميًا من الهيئة العامة للعناية بشؤون الحرمين (243 بابًا إجمالاً للمسجد الحرام).,24 ساعة,يُنصح بالتحقق ميدانيًا؛ بعض البوابات القريبة (68، 74، 79، 84، 89، 90، 93، 94) مخصصة لذوي الإعاقة (انظر MCH-ACC-003),High (مصدر رسمي: وكالة الأنباء السعودية نقلاً عن الهيئة العامة للعناية بشؤون الحرمين، 28 أبريل 2025),SPA - وكالة الأنباء السعودية,https://www.spa.gov.sa/N2307711,2025-04-28
MCH-GATE-045,باب الفتح,Bab Al-Fath (Gate of Victory),بوابة رئيسية (من أصل 5 بوابات رئيسية ضمن 243 بابًا إجمالاً),,,مدخل الطابق الأرضي، بمئذنتين فوقه,البوابة رقم 45، تقع في الجهة الشمالية، قرب مسار السعي. إحدى البوابات الخمس الرئيسية المعلنة رسميًا من الهيئة العامة للعناية بشؤون الحرمين (243 بابًا إجمالاً للمسجد الحرام).,24 ساعة,يُنصح بالتحقق ميدانيًا؛ بعض البوابات القريبة (68، 74، 79، 84، 89، 90، 93، 94) مخصصة لذوي الإعاقة (انظر MCH-ACC-003),High (مصدر رسمي: وكالة الأنباء السعودية نقلاً عن الهيئة العامة للعناية بشؤون الحرمين، 28 أبريل 2025),SPA - وكالة الأنباء السعودية,https://www.spa.gov.sa/N2307711,2025-04-28
MCH-GATE-062,باب العمرة,Umrah Gate (Bab Al-Umrah),بوابة رئيسية (من أصل 5 بوابات رئيسية ضمن 243 بابًا إجمالاً),,,مدخل الطابق الأرضي، بمئذنتين فوقه,البوابة رقم 62، تقع في المحيط الغربي، مخصص للمعتمرين. إحدى البوابات الخمس الرئيسية المعلنة رسميًا من الهيئة العامة للعناية بشؤون الحرمين (243 بابًا إجمالاً للمسجد الحرام).,24 ساعة,يُنصح بالتحقق ميدانيًا؛ بعض البوابات القريبة (68، 74، 79، 84، 89، 90، 93، 94) مخصصة لذوي الإعاقة (انظر MCH-ACC-003),High (مصدر رسمي: وكالة الأنباء السعودية نقلاً عن الهيئة العامة للعناية بشؤون الحرمين، 28 أبريل 2025),SPA - وكالة الأنباء السعودية,https://www.spa.gov.sa/N2307711,2025-04-28
MCH-GATE-079,باب الملك فهد,King Fahd Gate,بوابة رئيسية (من أصل 5 بوابات رئيسية ضمن 243 بابًا إجمالاً),,,مدخل الطابق الأرضي، بمئذنتين فوقه,البوابة رقم 79، تقع في الجهة الجنوبية. إحدى البوابات الخمس الرئيسية المعلنة رسميًا من الهيئة العامة للعناية بشؤون الحرمين (243 بابًا إجمالاً للمسجد الحرام).,24 ساعة,يُنصح بالتحقق ميدانيًا؛ بعض البوابات القريبة (68، 74، 79، 84، 89، 90، 93، 94) مخصصة لذوي الإعاقة (انظر MCH-ACC-003),High (مصدر رسمي: وكالة الأنباء السعودية نقلاً عن الهيئة العامة للعناية بشؤون الحرمين، 28 أبريل 2025),SPA - وكالة الأنباء السعودية,https://www.spa.gov.sa/N2307711,2025-04-28
MCH-GATE-100,باب الملك عبدالله,King Abdullah Gate,بوابة رئيسية (من أصل 5 بوابات رئيسية ضمن 243 بابًا إجمالاً),,,مدخل الطابق الأرضي، بمئذنتين فوقه,البوابة رقم 100، تقع في الجهة الشمالية الشرقية. إحدى البوابات الخمس الرئيسية المعلنة رسميًا من الهيئة العامة للعناية بشؤون الحرمين (243 بابًا إجمالاً للمسجد الحرام).,24 ساعة,يُنصح بالتحقق ميدانيًا؛ بعض البوابات القريبة (68، 74، 79، 84، 89، 90، 93، 94) مخصصة لذوي الإعاقة (انظر MCH-ACC-003),High (مصدر رسمي: وكالة الأنباء السعودية نقلاً عن الهيئة العامة للعناية بشؤون الحرمين، 28 أبريل 2025),SPA - وكالة الأنباء السعودية,https://www.spa.gov.sa/N2307711,2025-04-28
MCH-GATE-SEC-001,باب السلام,Bab As-Salam,بوابة ثانوية (اسم تاريخي/فرعي),,,مدخل الطابق الأرضي,اسم بوابة ثانوية ورد في مصدر غير حكومي متخصص بأدلة الحج؛ رقم البوابة وموقعها الدقيق لم يُذكر في المصدر ويحتاج تحققًا رسميًا إضافيًا قبل الاعتماد عليه في منتج إنتاجي.,غير مؤكد,غير مؤكد,Medium-Low (مصدر غير حكومي: theislamicinformation.com — يحتاج تحقق رسمي),The Islamic Information (مدونة غير حكومية),https://theislamicinformation.com/blogs/main-gates-of-masjid-al-haram-grand-mosque/,2026-09-08
MCH-GATE-SEC-002,باب أبو بكر,Bab Abu Bakr,بوابة ثانوية (اسم تاريخي/فرعي),,,مدخل الطابق الأرضي,اسم بوابة ثانوية ورد في مصدر غير حكومي متخصص بأدلة الحج؛ رقم البوابة وموقعها الدقيق لم يُذكر في المصدر ويحتاج تحققًا رسميًا إضافيًا قبل الاعتماد عليه في منتج إنتاجي.,غير مؤكد,غير مؤكد,Medium-Low (مصدر غير حكومي: theislamicinformation.com — يحتاج تحقق رسمي),The Islamic Information (مدونة غير حكومية),https://theislamicinformation.com/blogs/main-gates-of-masjid-al-haram-grand-mosque/,2026-09-08
MCH-GATE-SEC-003,باب الرحمن,Bab ur Rahman,بوابة ثانوية (اسم تاريخي/فرعي),,,مدخل الطابق الأرضي,اسم بوابة ثانوية ورد في مصدر غير حكومي متخصص بأدلة الحج؛ رقم البوابة وموقعها الدقيق لم يُذكر في المصدر ويحتاج تحققًا رسميًا إضافيًا قبل الاعتماد عليه في منتج إنتاجي.,غير مؤكد,غير مؤكد,Medium-Low (مصدر غير حكومي: theislamicinformation.com — يحتاج تحقق رسمي),The Islamic Information (مدونة غير حكومية),https://theislamicinformation.com/blogs/main-gates-of-masjid-al-haram-grand-mosque/,2026-09-08
MCH-GATE-SEC-004,باب الهجرة,Hijrah Gate,بوابة ثانوية (اسم تاريخي/فرعي),,,مدخل الطابق الأرضي,اسم بوابة ثانوية ورد في مصدر غير حكومي متخصص بأدلة الحج؛ رقم البوابة وموقعها الدقيق لم يُذكر في المصدر ويحتاج تحققًا رسميًا إضافيًا قبل الاعتماد عليه في منتج إنتاجي.,غير مؤكد,غير مؤكد,Medium-Low (مصدر غير حكومي: theislamicinformation.com — يحتاج تحقق رسمي),The Islamic Information (مدونة غير حكومية),https://theislamicinformation.com/blogs/main-gates-of-masjid-al-haram-grand-mosque/,2026-09-08
MCH-GATE-SEC-005,باب قباء,Bab e Quba,بوابة ثانوية (اسم تاريخي/فرعي),,,مدخل الطابق الأرضي,اسم بوابة ثانوية ورد في مصدر غير حكومي متخصص بأدلة الحج؛ رقم البوابة وموقعها الدقيق لم يُذكر في المصدر ويحتاج تحققًا رسميًا إضافيًا قبل الاعتماد عليه في منتج إنتاجي.,غير مؤكد,غير مؤكد,Medium-Low (مصدر غير حكومي: theislamicinformation.com — يحتاج تحقق رسمي),The Islamic Information (مدونة غير حكومية),https://theislamicinformation.com/blogs/main-gates-of-masjid-al-haram-grand-mosque/,2026-09-08
MCH-GATE-SEC-006,باب الملك سعود,King Saud Gate,بوابة ثانوية (اسم تاريخي/فرعي),,,مدخل الطابق الأرضي,اسم بوابة ثانوية ورد في مصدر غير حكومي متخصص بأدلة الحج؛ رقم البوابة وموقعها الدقيق لم يُذكر في المصدر ويحتاج تحققًا رسميًا إضافيًا قبل الاعتماد عليه في منتج إنتاجي.,غير مؤكد,غير مؤكد,Medium-Low (مصدر غير حكومي: theislamicinformation.com — يحتاج تحقق رسمي),The Islamic Information (مدونة غير حكومية),https://theislamicinformation.com/blogs/main-gates-of-masjid-al-haram-grand-mosque/,2026-09-08
MCH-GATE-SEC-007,باب الإمام البخاري,Imam Bukhari Gate,بوابة ثانوية (اسم تاريخي/فرعي),,,مدخل الطابق الأرضي,اسم بوابة ثانوية ورد في مصدر غير حكومي متخصص بأدلة الحج؛ رقم البوابة وموقعها الدقيق لم يُذكر في المصدر ويحتاج تحققًا رسميًا إضافيًا قبل الاعتماد عليه في منتج إنتاجي.,غير مؤكد,غير مؤكد,Medium-Low (مصدر غير حكومي: theislamicinformation.com — يحتاج تحقق رسمي),The Islamic Information (مدونة غير حكومية),https://theislamicinformation.com/blogs/main-gates-of-masjid-al-haram-grand-mosque/,2026-09-08
MCH-GATE-SEC-008,باب العقيق,Bab Ul Aqiq,بوابة ثانوية (اسم تاريخي/فرعي),,,مدخل الطابق الأرضي,اسم بوابة ثانوية ورد في مصدر غير حكومي متخصص بأدلة الحج؛ رقم البوابة وموقعها الدقيق لم يُذكر في المصدر ويحتاج تحققًا رسميًا إضافيًا قبل الاعتماد عليه في منتج إنتاجي.,غير مؤكد,غير مؤكد,Medium-Low (مصدر غير حكومي: theislamicinformation.com — يحتاج تحقق رسمي),The Islamic Information (مدونة غير حكومية),https://theislamicinformation.com/blogs/main-gates-of-masjid-al-haram-grand-mosque/,2026-09-08
MCH-GATE-SEC-009,باب السلطان عبدالمجيد,Bab e Sultan Abdul Majeed,بوابة ثانوية (اسم تاريخي/فرعي),,,مدخل الطابق الأرضي,اسم بوابة ثانوية ورد في مصدر غير حكومي متخصص بأدلة الحج؛ رقم البوابة وموقعها الدقيق لم يُذكر في المصدر ويحتاج تحققًا رسميًا إضافيًا قبل الاعتماد عليه في منتج إنتاجي.,غير مؤكد,غير مؤكد,Medium-Low (مصدر غير حكومي: theislamicinformation.com — يحتاج تحقق رسمي),The Islamic Information (مدونة غير حكومية),https://theislamicinformation.com/blogs/main-gates-of-masjid-al-haram-grand-mosque/,2026-09-08
MCH-GATE-SEC-010,باب عمر بن الخطاب,Bab Umar Ibn Khattab,بوابة ثانوية (اسم تاريخي/فرعي),,,مدخل الطابق الأرضي,اسم بوابة ثانوية ورد في مصدر غير حكومي متخصص بأدلة الحج؛ رقم البوابة وموقعها الدقيق لم يُذكر في المصدر ويحتاج تحققًا رسميًا إضافيًا قبل الاعتماد عليه في منتج إنتاجي.,غير مؤكد,غير مؤكد,Medium-Low (مصدر غير حكومي: theislamicinformation.com — يحتاج تحقق رسمي),The Islamic Information (مدونة غير حكومية),https://theislamicinformation.com/blogs/main-gates-of-masjid-al-haram-grand-mosque/,2026-09-08
MCH-GATE-SEC-011,باب بدر,Bab Badr,بوابة ثانوية (اسم تاريخي/فرعي),,,مدخل الطابق الأرضي,اسم بوابة ثانوية ورد في مصدر غير حكومي متخصص بأدلة الحج؛ رقم البوابة وموقعها الدقيق لم يُذكر في المصدر ويحتاج تحققًا رسميًا إضافيًا قبل الاعتماد عليه في منتج إنتاجي.,غير مؤكد,غير مؤكد,Medium-Low (مصدر غير حكومي: theislamicinformation.com — يحتاج تحقق رسمي),The Islamic Information (مدونة غير حكومية),https://theislamicinformation.com/blogs/main-gates-of-masjid-al-haram-grand-mosque/,2026-09-08
MCH-GATE-SEC-012,باب أحد,Bab Ohad,بوابة ثانوية (اسم تاريخي/فرعي),,,مدخل الطابق الأرضي,اسم بوابة ثانوية ورد في مصدر غير حكومي متخصص بأدلة الحج؛ رقم البوابة وموقعها الدقيق لم يُذكر في المصدر ويحتاج تحققًا رسميًا إضافيًا قبل الاعتماد عليه في منتج إنتاجي.,غير مؤكد,غير مؤكد,Medium-Low (مصدر غير حكومي: theislamicinformation.com — يحتاج تحقق رسمي),The Islamic Information (مدونة غير حكومية),https://theislamicinformation.com/blogs/main-gates-of-masjid-al-haram-grand-mosque/,2026-09-08
MCH-GATE-SEC-013,باب عثمان بن عفان,Bab Uthman Bin Affan,بوابة ثانوية (اسم تاريخي/فرعي),,,مدخل الطابق الأرضي,اسم بوابة ثانوية ورد في مصدر غير حكومي متخصص بأدلة الحج؛ رقم البوابة وموقعها الدقيق لم يُذكر في المصدر ويحتاج تحققًا رسميًا إضافيًا قبل الاعتماد عليه في منتج إنتاجي.,غير مؤكد,غير مؤكد,Medium-Low (مصدر غير حكومي: theislamicinformation.com — يحتاج تحقق رسمي),The Islamic Information (مدونة غير حكومية),https://theislamicinformation.com/blogs/main-gates-of-masjid-al-haram-grand-mosque/,2026-09-08
MCH-GATE-SEC-014,باب علي بن أبي طالب,Bab Ali Ibn Abi Talib,بوابة ثانوية (اسم تاريخي/فرعي),,,مدخل الطابق الأرضي,اسم بوابة ثانوية ورد في مصدر غير حكومي متخصص بأدلة الحج؛ رقم البوابة وموقعها الدقيق لم يُذكر في المصدر ويحتاج تحققًا رسميًا إضافيًا قبل الاعتماد عليه في منتج إنتاجي.,غير مؤكد,غير مؤكد,Medium-Low (مصدر غير حكومي: theislamicinformation.com — يحتاج تحقق رسمي),The Islamic Information (مدونة غير حكومية),https://theislamicinformation.com/blogs/main-gates-of-masjid-al-haram-grand-mosque/,2026-09-08
MCH-GATE-SEC-015,باب أبو ذر الغفاري,Bab Abu Zar Ghaffari,بوابة ثانوية (اسم تاريخي/فرعي),,,مدخل الطابق الأرضي,اسم بوابة ثانوية ورد في مصدر غير حكومي متخصص بأدلة الحج؛ رقم البوابة وموقعها الدقيق لم يُذكر في المصدر ويحتاج تحققًا رسميًا إضافيًا قبل الاعتماد عليه في منتج إنتاجي.,غير مؤكد,غير مؤكد,Medium-Low (مصدر غير حكومي: theislamicinformation.com — يحتاج تحقق رسمي),The Islamic Information (مدونة غير حكومية),https://theislamicinformation.com/blogs/main-gates-of-masjid-al-haram-grand-mosque/,2026-09-08
MCH-GATE-SEC-016,باب عبدالعزيز,Bab e Abdul Aziz - توسعة قديمة,بوابة ثانوية (اسم تاريخي/فرعي),,,مدخل الطابق الأرضي,اسم بوابة ثانوية ورد في مصدر غير حكومي متخصص بأدلة الحج؛ رقم البوابة وموقعها الدقيق لم يُذكر في المصدر ويحتاج تحققًا رسميًا إضافيًا قبل الاعتماد عليه في منتج إنتاجي.,غير مؤكد,غير مؤكد,Medium-Low (مصدر غير حكومي: theislamicinformation.com — يحتاج تحقق رسمي),The Islamic Information (مدونة غير حكومية),https://theislamicinformation.com/blogs/main-gates-of-masjid-al-haram-grand-mosque/,2026-09-08
MCH-GATE-SEC-017,باب مكة,Bab e Makkah,بوابة ثانوية (اسم تاريخي/فرعي),,,مدخل الطابق الأرضي,اسم بوابة ثانوية ورد في مصدر غير حكومي متخصص بأدلة الحج؛ رقم البوابة وموقعها الدقيق لم يُذكر في المصدر ويحتاج تحققًا رسميًا إضافيًا قبل الاعتماد عليه في منتج إنتاجي.,غير مؤكد,غير مؤكد,Medium-Low (مصدر غير حكومي: theislamicinformation.com — يحتاج تحقق رسمي),The Islamic Information (مدونة غير حكومية),https://theislamicinformation.com/blogs/main-gates-of-masjid-al-haram-grand-mosque/,2026-09-08
MCH-GATE-SEC-018,باب بلال,Bab Bilal,بوابة ثانوية (اسم تاريخي/فرعي),,,مدخل الطابق الأرضي,اسم بوابة ثانوية ورد في مصدر غير حكومي متخصص بأدلة الحج؛ رقم البوابة وموقعها الدقيق لم يُذكر في المصدر ويحتاج تحققًا رسميًا إضافيًا قبل الاعتماد عليه في منتج إنتاجي.,غير مؤكد,غير مؤكد,Medium-Low (مصدر غير حكومي: theislamicinformation.com — يحتاج تحقق رسمي),The Islamic Information (مدونة غير حكومية),https://theislamicinformation.com/blogs/main-gates-of-masjid-al-haram-grand-mosque/,2026-09-08
MCH-GATE-SEC-019,باب النساء,Bab Un Nisa,بوابة ثانوية (اسم تاريخي/فرعي),,,مدخل الطابق الأرضي,اسم بوابة ثانوية ورد في مصدر غير حكومي متخصص بأدلة الحج؛ رقم البوابة وموقعها الدقيق لم يُذكر في المصدر ويحتاج تحققًا رسميًا إضافيًا قبل الاعتماد عليه في منتج إنتاجي.,غير مؤكد,غير مؤكد,Medium-Low (مصدر غير حكومي: theislamicinformation.com — يحتاج تحقق رسمي),The Islamic Information (مدونة غير حكومية),https://theislamicinformation.com/blogs/main-gates-of-masjid-al-haram-grand-mosque/,2026-09-08
MCH-GATE-SEC-020,باب البقيع,Bab Ul Baqi,بوابة ثانوية (اسم تاريخي/فرعي),,,مدخل الطابق الأرضي,اسم بوابة ثانوية ورد في مصدر غير حكومي متخصص بأدلة الحج؛ رقم البوابة وموقعها الدقيق لم يُذكر في المصدر ويحتاج تحققًا رسميًا إضافيًا قبل الاعتماد عليه في منتج إنتاجي.,غير مؤكد,غير مؤكد,Medium-Low (مصدر غير حكومي: theislamicinformation.com — يحتاج تحقق رسمي),The Islamic Information (مدونة غير حكومية),https://theislamicinformation.com/blogs/main-gates-of-masjid-al-haram-grand-mosque/,2026-09-08
MCH-GATE-SEC-021,باب الأئمة,Bab Al Aiymah,بوابة ثانوية (اسم تاريخي/فرعي),,,مدخل الطابق الأرضي,اسم بوابة ثانوية ورد في مصدر غير حكومي متخصص بأدلة الحج؛ رقم البوابة وموقعها الدقيق لم يُذكر في المصدر ويحتاج تحققًا رسميًا إضافيًا قبل الاعتماد عليه في منتج إنتاجي.,غير مؤكد,غير مؤكد,Medium-Low (مصدر غير حكومي: theislamicinformation.com — يحتاج تحقق رسمي),The Islamic Information (مدونة غير حكومية),https://theislamicinformation.com/blogs/main-gates-of-masjid-al-haram-grand-mosque/,2026-09-08
MCH-GATE-SEC-022,باب جبريل,Bab e Jibreel,بوابة ثانوية (اسم تاريخي/فرعي),,,مدخل الطابق الأرضي,اسم بوابة ثانوية ورد في مصدر غير حكومي متخصص بأدلة الحج؛ رقم البوابة وموقعها الدقيق لم يُذكر في المصدر ويحتاج تحققًا رسميًا إضافيًا قبل الاعتماد عليه في منتج إنتاجي.,غير مؤكد,غير مؤكد,Medium-Low (مصدر غير حكومي: theislamicinformation.com — يحتاج تحقق رسمي),The Islamic Information (مدونة غير حكومية),https://theislamicinformation.com/blogs/main-gates-of-masjid-al-haram-grand-mosque/,2026-09-08
MCH-ACC-001,ممر الطواف المخصص 1 (كراسي متحركة),Dedicated Tawaf Lane 1 (wheelchairs),إمكانية وصول - ذوو الإعاقة,,,محيط الكعبة مباشرة,طوله 155 مترًا، يستوعب 45 كرسيًا متحركًا في آنٍ واحد، ومدة الطواف الكاملة عبره تتراوح بين 10-15 دقيقة.,24 ساعة,مخصص بالكامل لذوي الإعاقة,Medium (مصدر صحفي سعودي، تاريخ النشر 2020 - يُنصح بتحديث الرقم لموسم حالي),جريدة الوطن السعودية,https://www.alwatan.com.sa/article/1062982,2020-12-04
MCH-ACC-002,ممر الطواف المخصص 2 (كبار السن),"Dedicated Tawaf Lane 2 (elderly, walking)",إمكانية وصول - كبار السن,,,محيط الكعبة مباشرة (أقرب من الممر الأول),طوله 145 مترًا، يستوعب 50 من كبار السن القادرين على المشي.,24 ساعة,مخصص لكبار السن القادرين على الحركة,Medium (مصدر صحفي سعودي، تاريخ النشر 2020),جريدة الوطن السعودية,https://www.alwatan.com.sa/article/1062982,2020-12-04
MCH-ACC-003,بوابات مخصصة لذوي الإعاقة (8 بوابات),Disability-only gates (8 gates),إمكانية وصول - بوابات,,,مدخل الطابق الأرضي,البوابات أرقام 68، 74، 79، 84، 89، 90، 93، 94 مخصصة حصريًا لذوي الإعاقة، ضمن 32 بابًا مزودة بمنحدرات (Ramps) لتسهيل الدخول والخروج.,24 ساعة,مخصصة بالكامل,Medium (مصدر صحفي سعودي، تاريخ النشر 2020),جريدة الوطن السعودية,https://www.alwatan.com.sa/article/1062982,2020-12-04
MCH-ACC-004,جسور معبر أجياد,Ajyad Bridge (accessible),إمكانية وصول - جسر معبر,,,جسر علوي يصل لطوابق التوسعة,أحد 4 جسور رئيسية (أجياد، شبيكة، المروة، الأرقم) مزودة بمرافق لذوي الإعاقة تصل صحن الحرم بطوابق التوسعة.,24 ساعة,مزود بمرافق لذوي الإعاقة,Medium (مصدر صحفي سعودي، 2020),جريدة الوطن السعودية,https://www.alwatan.com.sa/article/1062982,2020-12-04
MCH-ACC-005,جسر معبر شبيكة,Shubika Bridge (accessible),إمكانية وصول - جسر معبر,,,جسر علوي,أحد الجسور الأربعة المزودة بمرافق لذوي الإعاقة.,24 ساعة,مزود بمرافق لذوي الإعاقة,Medium (مصدر صحفي سعودي، 2020),جريدة الوطن السعودية,https://www.alwatan.com.sa/article/1062982,2020-12-04
MCH-ACC-006,جسر معبر المروة,Marwa Bridge (accessible),إمكانية وصول - جسر معبر,,,جسر علوي، قرب منطقة المسعى,أحد الجسور الأربعة المزودة بمرافق لذوي الإعاقة.,24 ساعة,مزود بمرافق لذوي الإعاقة,Medium (مصدر صحفي سعودي، 2020),جريدة الوطن السعودية,https://www.alwatan.com.sa/article/1062982,2020-12-04
MCH-ACC-007,جسر معبر الأرقم,Arqam Bridge (accessible),إمكانية وصول - جسر معبر,,,جسر علوي,أحد الجسور الأربعة المزودة بمرافق لذوي الإعاقة.,24 ساعة,مزود بمرافق لذوي الإعاقة,Medium (مصدر صحفي سعودي، 2020),جريدة الوطن السعودية,https://www.alwatan.com.sa/article/1062982,2020-12-04
MCH-ACC-008,عربات كهربائية وكراسي متحركة كهربائية (خدمة مجانية),Free golf carts & electric wheelchairs,إمكانية وصول - نقل داخلي,,,متعددة الطوابق,خدمة مجانية للنقل داخل المسجد لذوي الإعاقة وكبار السن، تشمل مسارًا من أجياد قرب قصر الصفا حتى الطابق الثاني.,24 ساعة,مخصصة بالكامل,Medium (مصدر صحفي سعودي، 2020),جريدة الوطن السعودية,https://www.alwatan.com.sa/article/1062982,2020-12-04
MCH-MED-001,مراكز الإسعافات الأولية (4 مراكز),First-aid / medical centers (4 centers),خدمة - إسعاف وطوارئ,,,متعددة (مواقع فردية غير معلنة رسميًا),4 مراكز إسعافية تديرها هيئة الهلال الأحمر السعودي داخل المسجد الحرام، بها 46 كادرًا صحيًا وعربات نقل صغيرة للحالات الحرجة، تعمل على مدار الساعة. ملاحظة: هذا الرقم من تغطية 2020، وقد يختلف الرقم الفعلي في مواسم حج لاحقة (مصادر أخرى ذكرت أرقامًا أكبر على مستوى مكة والمشاعر ككل وليس المسجد الحرام تحديدًا فقط).,24 ساعة,متاحة للجميع,Medium (مصدر صحفي، تاريخ 2020؛ يحتاج تحديث لموسم حالي),الوطن نيوز (مصر) نقلاً عن الهلال الأحمر السعودي,https://www.elwatannews.com/news/details/5023811,2020-11-04
MCH-SVC-001,مراكز خدمة ضيوف الرحمن الرئيسية (2 مركز),Main pilgrim guest-care centers (2 centers),خدمة - مركز خدمة شامل,,,غير محدد في المصدر,مركزان رئيسيان لخدمة ضيوف الرحمن بمكة المكرمة تديرهما الهيئة العامة للعناية بشؤون الحرمين، يقدمان: الإرشاد المكاني والتوعوي، الدعم متعدد اللغات، إدارة حالات المفقودات، خدمات ذوي الإعاقة وكبار السن، رعاية الأطفال والنساء التائهات، وحفظ الأمتعة.,24 ساعة,خدمات مخصصة لذوي الإعاقة وكبار السن ضمن نفس المركز,High (تغطية إخبارية حديثة تنسب المعلومة صراحةً للهيئة العامة للعناية بشؤون الحرمين),Hala News نقلاً عن الهيئة العامة للعناية بشؤون الحرمين,https://www.hala.jo/2026/05/22/%D9%85%D9%83%D8%A9-%D8%A7%D9%84%D9%85%D9%83%D8%B1%D9%85%D8%A9-%D9%85%D8%B1%D9%83%D8%B2%D8%A7%D9%86-%D8%B1%D8%A6%D9%8A%D8%B3%D8%A7%D9%86-%D9%8819-%D9%85%D8%B1%D9%83%D8%B2%D8%A7-%D9%81%D8%B1%D8%B9/,2026-05-22
MCH-SVC-002,مراكز خدمة ضيوف الرحمن الفرعية (19 مركزًا),Sub pilgrim guest-care centers (19 centers),خدمة - مركز خدمة فرعي,,,غير محدد في المصدر,19 مركزًا فرعيًا موزعة (مواقعها الفردية غير مذكورة في المصدر) تعمل بنفس مهام المركزين الرئيسيين، ويمكن للحاج تحديد أقربها عبر تقنية QR Code حسب المصدر.,24 ساعة,خدمات مخصصة لذوي الإعاقة وكبار السن,High (نفس مصدر السطر السابق),Hala News نقلاً عن الهيئة العامة للعناية بشؤون الحرمين,https://www.hala.jo/2026/05/22/%D9%85%D9%83%D8%A9-%D8%A7%D9%84%D9%85%D9%83%D8%B1%D9%85%D8%A9-%D9%85%D8%B1%D9%83%D8%B2%D8%A7%D9%86-%D8%B1%D8%A6%D9%8A%D8%B3%D8%A7%D9%86-%D9%8819-%D9%85%D8%B1%D9%83%D8%B2%D8%A7-%D9%81%D8%B1%D8%B9/,2026-05-22
MCH-GAP-001,دورات المياه (بيانات غير متوفرة علنًا),Restrooms (coordinates not publicly available),خدمة - دورات مياه,,,متعددة الطوابق,دورات مياه منتشرة في مواقع متعددة حول المسجد وتوسعاته (يُشار إلى بعضها في تغطيات إخبارية بأرقام مثل 'دورة مياه 3' قرب أجياد)، لكن لا توجد قائمة رسمية مفتوحة بإحداثيات كل دورة مياه على حدة. هذا السجل يمثل فجوة بيانات موثّقة وليس بيانًا فعليًا.,24 ساعة,بعضها مخصص لذوي الإعاقة حسب مواد التوعية بالحرم (Braille وإرشادات لمسية مذكورة),Low (فجوة بيانات مؤكدة - يحتاج مسحًا ميدانيًا أو طلب بيانات رسمي),استنتاج من غياب مصدر مفتوح + إشارة عرضية في مصدر إخباري,https://www.spa.gov.sa/N2123928,2026-09-08
MCH-GAP-002,المصاعد والسلالم الكهربائية (بيانات غير متوفرة علنًا),Elevators & escalators (coordinates not publicly available),خدمة - مصاعد وسلالم,,,متعددة الطوابق,مذكورة كخدمة قائمة ('سلالم كهربائية ومصاعد بلوحات إرشادية واضحة') ضمن تغطية إعلامية لخدمات ذوي الإعاقة، دون قائمة رسمية بعدد المصاعد أو مواقعها الدقيقة. سجل يمثل فجوة بيانات موثّقة.,24 ساعة,مخصصة أصلاً لتيسير وصول ذوي الإعاقة وكبار السن بين الطوابق,Low (فجوة بيانات مؤكدة),جريدة الوطن السعودية,https://www.alwatan.com.sa/article/1062982,2020-12-04
MCH-LMK-001,جبل النور وغار حراء,Jabal al-Nour & Ghar Hira (Cave of Hira),معلم تاريخي/ديني - جبل ومغارة,,,قمة الجبل (ارتفاع 642 مترًا),يقع شمال شرق المسجد الحرام على بعد نحو 4 كم. مساحته نحو 5.25 كم2. غار حراء عند القمة، مدخله للشمال، سعته 4-5 أشخاص، وفيه بدأ نزول الوحي على النبي محمد صلى الله عليه وسلم (أول آية: 'اقرأ باسم ربك الذي خلق'). لا تتوفر إحداثيات GPS دقيقة في المصدر.,مفتوح للزيارة نهارًا (تسلّق حر، بلا أوقات رسمية معلنة في المصدر),غير مهيأ لذوي الإعاقة (يتطلب تسلقًا جبليًا),High (مصدر رسمي: وكالة الأنباء السعودية),SPA - وكالة الأنباء السعودية,https://www.spa.gov.sa/2115751,2020-07-30
MCH-LMK-002,جبل ثور وغار ثور,Jabal Thawr & Ghar Thawr (Cave of Thawr),معلم تاريخي/ديني - جبل ومغارة,21.38333,39.85000,قمة الجبل (ارتفاع 728 مترًا),يقع جنوب مكة المكرمة على بعد نحو 4 كم من المسجد الحرام تقريبًا. اختبأ فيه النبي محمد صلى الله عليه وسلم وأبو بكر الصديق رضي الله عنه 3 ليالٍ أثناء الهجرة إلى المدينة (مذكور في سورة التوبة: 9:40). ارتفاع فتحة الغار نحو 1.25 متر، وله فتحتان (غربية للدخول وشرقية).,مفتوح للزيارة نهارًا (تسلّق حر يستغرق نحو ساعتين سيرًا حسب تغطية إخبارية),غير مهيأ لذوي الإعاقة (يتطلب تسلقًا جبليًا شاقًا),High (Wikipedia بإحداثيات DMS محددة),ويكيبيديا العربية - جبل ثور,https://ar.wikipedia.org/wiki/%D8%AC%D8%A8%D9%84_%D8%AB%D9%88%D8%B1,2026-09-08
MCH-LMK-003,أبراج البيت (برج الساعة),Abraj Al-Bait (Makkah Royal Clock Tower),معلم عمراني - برج مطل على الحرم,21.41889,39.82639,123 طابقًا (120 فوق الأرض + 3 تحتها),"يقع على بعد نحو 500 متر من الكعبة مباشرة مقابل باب الملك عبدالعزيز. ارتفاعه 601 مترًا (من أطول أبراج العالم)، يتسع المجمع لنحو 65,000 شخص، ووجه الساعة بمساحة 43 م2 (أكبر ساعة في العالم). يضم فنادق ومركز تسوق يخدم الحجاج والمعتمرين القادمين من الحرم مباشرة.",24 ساعة (يختلف حسب المرافق الداخلية كالفنادق والمتاجر),مهيأ بالكامل (مبنى حديث بمصاعد ومرافق كاملة),High (Wikipedia بإحداثيات DMS محددة),ويكيبيديا العربية - أبراج الساعة,https://ar.wikipedia.org/wiki/%D8%A3%D8%A8%D8%B1%D8%A7%D8%AC_%D8%A7%D9%84%D8%B3%D8%A7%D8%B9%D8%A9,2026-09-08
MCH-INFRA-001,قطار المشاعر المقدسة (خط النقل الجماعي),Al Mashaer Al Muqaddassah Metro Train,بنية تحتية - نقل جماعي,,,مسار علوي/أرضي بارتفاع 8-10 أمتار في أجزاء منه,9 محطات إجمالاً (أسماء المحطات الفردية غير منشورة في المصدر): تبدأ داخل مكة، ثم 3 محطات بعرفات، 3 بمزدلفة، ومحطتان ببداية ووسط منى. طول الخط 18 كم، أسطول 17 قطارًا، طاقة استيعابية تصل 72 ألف راكب/ساعة في الاتجاه الواحد وقت الذروة، وتخدم نحو 500 ألف حاج سنويًا وفق المصدر. يعمل بشكل أساسي خلال أيام الحج فقط.,مواسم الحج فقط (غير معلن كخدمة يومية دائمة في المصدر),غير مفصّل في المصدر,High (Wikipedia)، لكن مواقع المحطات الفردية غير متوفرة = فجوة,ويكيبيديا العربية - قطار المشاعر المقدسة,https://ar.wikipedia.org/wiki/%D9%82%D8%B7%D8%A7%D8%B1_%D8%A7%D9%84%D9%85%D8%B4%D8%A7%D8%B9%D8%B1_%D8%A7%D9%84%D9%85%D9%82%D8%AF%D8%B3%D8%A9,2026-09-08
